{
  "tools.list": {
    "params_schema": {
      "type": "object",
      "properties": {
        "include_schemas": {
          "type": "boolean",
          "default": true
        },
        "domain_filter": {
          "type": "string"
        }
      },
      "additionalProperties": false
    },
    "result_schema": {
      "type": "object",
      "properties": {
        "protocol_version": {
          "type": "string"
        },
        "schema_hash": {
          "type": "string"
        },
        "capabilities": {
          "type": "array",
          "items": {
            "type": "string"
          }
        },
        "tools": {
          "type": "array",
          "items": {
            "type": "object"
          }
        }
      },
      "required": [
        "protocol_version",
        "schema_hash",
        "tools"
      ],
      "additionalProperties": false
    }
  },
  "system.health": {
    "params_schema": {
      "type": "object",
      "properties": {},
      "additionalProperties": false
    },
    "result_schema": {
      "type": "object",
      "properties": {
        "engine_version": {
          "type": "string"
        },
        "plugin_version": {
          "type": "string"
        },
        "protocol_version": {
          "type": "string"
        },
        "safe_mode": {
          "type": "boolean"
        },
        "editor_state": {
          "type": "object"
        }
      },
      "required": [
        "engine_version",
        "plugin_version",
        "protocol_version",
        "safe_mode"
      ],
      "additionalProperties": true
    }
  },
  "asset.find": {
    "params_schema": {
      "type": "object",
      "properties": {
        "path_glob": {
          "type": "string",
          "default": "/Game/**"
        },
        "class_path_in": {
          "type": "array",
          "items": {
            "type": "string"
          }
        },
        "name_glob": {
          "type": "string"
        },
        "limit": {
          "type": "integer",
          "minimum": 1,
          "maximum": 500,
          "default": 50
        },
        "cursor": {
          "type": "string"
        }
      },
      "additionalProperties": false
    },
    "result_schema": {
      "type": "object",
      "properties": {
        "assets": {
          "type": "array",
          "items": {
            "type": "object",
            "properties": {
              "object_path": {
                "type": "string"
              },
              "class_path": {
                "type": "string"
              },
              "package_path": {
                "type": "string"
              },
              "name": {
                "type": "string"
              }
            },
            "required": [
              "object_path",
              "class_path"
            ]
          }
        },
        "next_cursor": {
          "type": "string"
        }
      },
      "required": [
        "assets"
      ],
      "additionalProperties": false
    }
  },
  "asset.load": {
    "params_schema": {
      "type": "object",
      "properties": {
        "object_path": {
          "type": "string"
        }
      },
      "required": [
        "object_path"
      ],
      "additionalProperties": false
    },
    "result_schema": {
      "type": "object",
      "properties": {
        "loaded": {
          "type": "boolean"
        },
        "object_path": {
          "type": "string"
        }
      },
      "required": [
        "loaded",
        "object_path"
      ],
      "additionalProperties": false
    }
  },
  "asset.save": {
    "params_schema": {
      "type": "object",
      "properties": {
        "packages": {
          "type": "array",
          "items": {
            "type": "string"
          }
        },
        "only_dirty": {
          "type": "boolean",
          "default": true
        }
      },
      "required": [
        "packages"
      ],
      "additionalProperties": false
    },
    "result_schema": {
      "type": "object",
      "properties": {
        "saved": {
          "type": "array",
          "items": {
            "type": "string"
          }
        },
        "failed": {
          "type": "array",
          "items": {
            "type": "string"
          }
        }
      },
      "required": [
        "saved",
        "failed"
      ],
      "additionalProperties": false
    }
  },
  "world.outliner.list": {
    "params_schema": {
      "type": "object",
      "properties": {
        "world": {
          "type": "string",
          "enum": [
            "editor"
          ],
          "default": "editor"
        },
        "scope": {
          "type": "string",
          "default": "all"
        },
        "filters": {
          "type": "object",
          "properties": {
            "name_glob": {
              "type": "string"
            },
            "class_path_in": {
              "type": "array",
              "items": {
                "type": "string"
              }
            },
            "only_loaded": {
              "type": "boolean",
              "default": true
            }
          }
        },
        "include": {
          "type": "object",
          "properties": {
            "class": {
              "type": "boolean",
              "default": true
            },
            "folder_path": {
              "type": "boolean",
              "default": true
            },
            "tags": {
              "type": "boolean",
              "default": false
            },
            "transform": {
              "type": "boolean",
              "default": false
            }
          }
        },
        "limit": {
          "type": "integer",
          "minimum": 1,
          "maximum": 2000,
          "default": 200
        },
        "cursor": {
          "type": "string"
        }
      },
      "additionalProperties": false
    },
    "result_schema": {
      "type": "object",
      "properties": {
        "nodes": {
          "type": "array",
          "items": {
            "type": "object",
            "properties": {
              "node_type": {
                "type": "string",
                "enum": [
                  "actor",
                  "folder"
                ]
              },
              "id": {
                "type": "string"
              },
              "name": {
                "type": "string"
              },
              "actor_path": {
                "type": "string"
              },
              "folder_path": {
                "type": "string"
              },
              "parent_id": {
                "type": "string"
              },
              "class_path": {
                "type": "string"
              },
              "is_selected": {
                "type": "boolean"
              },
              "is_hidden_in_editor": {
                "type": "boolean"
              }
            },
            "required": [
              "node_type",
              "id",
              "name"
            ]
          }
        },
        "next_cursor": {
          "type": "string"
        }
      },
      "required": [
        "nodes"
      ],
      "additionalProperties": false
    }
  },
  "world.selection.get": {
    "params_schema": {
      "type": "object",
      "properties": {},
      "additionalProperties": false
    },
    "result_schema": {
      "type": "object",
      "properties": {
        "actors": {
          "type": "array",
          "items": {
            "type": "string"
          }
        }
      },
      "required": [
        "actors"
      ],
      "additionalProperties": false
    }
  },
  "world.selection.set": {
    "params_schema": {
      "type": "object",
      "properties": {
        "actors": {
          "type": "array",
          "items": {
            "type": "string"
          }
        },
        "mode": {
          "type": "string",
          "enum": [
            "replace",
            "add",
            "remove"
          ],
          "default": "replace"
        }
      },
      "required": [
        "actors"
      ],
      "additionalProperties": false
    },
    "result_schema": {
      "type": "object",
      "properties": {
        "selected": {
          "type": "array",
          "items": {
            "type": "string"
          }
        }
      },
      "required": [
        "selected"
      ],
      "additionalProperties": false
    }
  },
  "object.inspect": {
    "params_schema": {
      "type": "object",
      "properties": {
        "target": {
          "type": "object",
          "properties": {
            "type": {
              "type": "string"
            },
            "path": {
              "type": "string"
            }
          },
          "required": [
            "type",
            "path"
          ]
        },
        "filters": {
          "type": "object",
          "properties": {
            "only_editable": {
              "type": "boolean",
              "default": true
            },
            "category_glob": {
              "type": "string"
            },
            "property_name_glob": {
              "type": "string"
            },
            "include_transient": {
              "type": "boolean",
              "default": false
            }
          }
        },
        "depth": {
          "type": "integer",
          "minimum": 0,
          "maximum": 5,
          "default": 2
        },
        "format": {
          "type": "string",
          "enum": [
            "typed",
            "display"
          ],
          "default": "typed"
        }
      },
      "required": [
        "target"
      ],
      "additionalProperties": false
    },
    "result_schema": {
      "type": "object",
      "properties": {
        "properties": {
          "type": "array",
          "items": {
            "type": "object",
            "properties": {
              "path": {
                "type": "string"
              },
              "name": {
                "type": "string"
              },
              "category": {
                "type": "string"
              },
              "cpp_type": {
                "type": "string"
              },
              "editable": {
                "type": "boolean"
              },
              "value": {},
              "constraints": {
                "type": "object"
              }
            },
            "required": [
              "path",
              "name",
              "cpp_type",
              "editable"
            ]
          }
        }
      },
      "required": [
        "properties"
      ],
      "additionalProperties": false
    }
  },
  "object.patch": {
    "params_schema": {
      "type": "object",
      "properties": {
        "target": {
          "type": "object",
          "properties": {
            "type": {
              "type": "string"
            },
            "path": {
              "type": "string"
            }
          },
          "required": [
            "type",
            "path"
          ]
        },
        "patch": {
          "type": "array",
          "items": {
            "type": "object",
            "properties": {
              "op": {
                "type": "string"
              },
              "path": {
                "type": "string"
              },
              "value": {},
              "from": {
                "type": "string"
              }
            },
            "required": [
              "op",
              "path"
            ]
          }
        },
        "transaction": {
          "type": "object",
          "properties": {
            "label": {
              "type": "string",
              "default": "MCP Patch"
            }
          }
        },
        "save": {
          "type": "object",
          "properties": {
            "auto_save": {
              "type": "boolean",
              "default": false
            }
          }
        },
        "validation": {
          "type": "object",
          "properties": {
            "preflight": {
              "type": "boolean",
              "default": true
            },
            "postflight": {
              "type": "boolean",
              "default": true
            }
          }
        }
      },
      "required": [
        "target",
        "patch"
      ],
      "additionalProperties": false
    },
    "result_schema": {
      "type": "object",
      "properties": {
        "changed_properties": {
          "type": "array",
          "items": {
            "type": "string"
          }
        },
        "touched_packages": {
          "type": "array",
          "items": {
            "type": "string"
          }
        }
      },
      "required": [
        "changed_properties",
        "touched_packages"
      ],
      "additionalProperties": false
    }
  },
  "mat.instance.params.get": {
    "params_schema": {
      "type": "object",
      "properties": {
        "object_path": {
          "type": "string"
        },
        "include_inherited": {
          "type": "boolean",
          "default": true
        },
        "kinds": {
          "type": "array",
          "items": {
            "type": "string"
          }
        }
      },
      "required": [
        "object_path"
      ],
      "additionalProperties": false
    },
    "result_schema": {
      "type": "object",
      "properties": {
        "params": {
          "type": "array",
          "items": {
            "type": "object",
            "properties": {
              "name": {
                "type": "string"
              },
              "kind": {
                "type": "string"
              },
              "value": {},
              "overridden": {
                "type": "boolean"
              },
              "source": {
                "type": "string"
              }
            },
            "required": [
              "name",
              "kind",
              "overridden",
              "source"
            ]
          }
        }
      },
      "required": [
        "params"
      ],
      "additionalProperties": false
    }
  },
  "mat.instance.params.set": {
    "params_schema": {
      "type": "object",
      "properties": {
        "object_path": {
          "type": "string"
        },
        "set": {
          "type": "array",
          "items": {
            "type": "object",
            "properties": {
              "name": {
                "type": "string"
              },
              "kind": {
                "type": "string"
              },
              "value": {},
              "override": {
                "type": "boolean",
                "default": true
              }
            },
            "required": [
              "name",
              "kind",
              "value"
            ]
          }
        },
        "clear": {
          "type": "array",
          "items": {
            "type": "object",
            "properties": {
              "name": {
                "type": "string"
              },
              "kind": {
                "type": "string"
              }
            },
            "required": [
              "name",
              "kind"
            ]
          }
        },
        "recompile": {
          "type": "string",
          "enum": [
            "auto",
            "never",
            "always"
          ],
          "default": "auto"
        }
      },
      "required": [
        "object_path"
      ],
      "additionalProperties": false
    },
    "result_schema": {
      "type": "object",
      "properties": {
        "updated": {
          "type": "array",
          "items": {
            "type": "string"
          }
        },
        "compile_status": {
          "type": "string"
        }
      },
      "required": [
        "updated"
      ],
      "additionalProperties": false
    }
  },
  "niagara.params.get": {
    "params_schema": {
      "type": "object",
      "properties": {
        "object_path": {
          "type": "string"
        },
        "scope": {
          "type": "string",
          "enum": [
            "system",
            "emitter"
          ],
          "default": "system"
        }
      },
      "required": [
        "object_path"
      ],
      "additionalProperties": false
    },
    "result_schema": {
      "type": "object",
      "properties": {
        "params": {
          "type": "array",
          "items": {
            "type": "object",
            "properties": {
              "name": {
                "type": "string"
              },
              "type": {
                "type": "string"
              },
              "value": {},
              "exposed": {
                "type": "boolean"
              }
            },
            "required": [
              "name",
              "type",
              "value"
            ]
          }
        },
        "compile_status": {
          "type": "string"
        }
      },
      "required": [
        "params"
      ],
      "additionalProperties": false
    }
  },
  "niagara.params.set": {
    "params_schema": {
      "type": "object",
      "properties": {
        "object_path": {
          "type": "string"
        },
        "set": {
          "type": "array",
          "items": {
            "type": "object",
            "properties": {
              "name": {
                "type": "string"
              },
              "type": {
                "type": "string"
              },
              "value": {}
            },
            "required": [
              "name",
              "type",
              "value"
            ]
          }
        },
        "strict_types": {
          "type": "boolean",
          "default": true
        }
      },
      "required": [
        "object_path",
        "set"
      ],
      "additionalProperties": false
    },
    "result_schema": {
      "type": "object",
      "properties": {
        "updated": {
          "type": "array",
          "items": {
            "type": "string"
          }
        },
        "compile_status": {
          "type": "string"
        },
        "errors": {
          "type": "array",
          "items": {
            "type": "string"
          }
        }
      },
      "required": [
        "updated"
      ],
      "additionalProperties": false
    }
  },
  "niagara.stack.list": {
    "params_schema": {
      "type": "object",
      "properties": {
        "object_path": {
          "type": "string"
        },
        "emitter_name": {
          "type": "string"
        }
      },
      "required": [
        "object_path"
      ],
      "additionalProperties": false
    },
    "result_schema": {
      "type": "object",
      "properties": {
        "modules": {
          "type": "array",
          "items": {
            "type": "object",
            "properties": {
              "module_key": {
                "type": "string"
              },
              "display_name": {
                "type": "string"
              },
              "enabled": {
                "type": "boolean"
              },
              "category": {
                "type": "string"
              }
            },
            "required": [
              "module_key",
              "display_name",
              "enabled"
            ]
          }
        }
      },
      "required": [
        "modules"
      ],
      "additionalProperties": false
    }
  },
  "niagara.stack.module.set_param": {
    "params_schema": {
      "type": "object",
      "properties": {
        "object_path": {
          "type": "string"
        },
        "module_key": {
          "type": "string"
        },
        "set": {
          "type": "array",
          "items": {
            "type": "object",
            "properties": {
              "name": {
                "type": "string"
              },
              "type": {
                "type": "string"
              },
              "value": {}
            },
            "required": [
              "name",
              "type",
              "value"
            ]
          }
        }
      },
      "required": [
        "object_path",
        "module_key",
        "set"
      ],
      "additionalProperties": false
    },
    "result_schema": {
      "type": "object",
      "properties": {
        "updated": {
          "type": "array",
          "items": {
            "type": "string"
          }
        },
        "compile_status": {
          "type": "string"
        }
      },
      "required": [
        "updated"
      ],
      "additionalProperties": false
    }
  },
  "umg.tree.get": {
    "params_schema": {
      "type": "object",
      "properties": {
        "object_path": {
          "type": "string"
        },
        "include": {
          "type": "object",
          "properties": {
            "slot_summary": {
              "type": "boolean",
              "default": true
            },
            "layout_summary": {
              "type": "boolean",
              "default": false
            }
          }
        },
        "filters": {
          "type": "object",
          "properties": {
            "name_glob": {
              "type": "string"
            },
            "class_path_in": {
              "type": "array",
              "items": {
                "type": "string"
              }
            }
          }
        },
        "depth": {
          "type": "integer",
          "minimum": 0,
          "maximum": 20,
          "default": 10
        }
      },
      "required": [
        "object_path"
      ],
      "additionalProperties": false
    },
    "result_schema": {
      "type": "object",
      "properties": {
        "root_id": {
          "type": "string"
        },
        "nodes": {
          "type": "array",
          "items": {
            "type": "object",
            "properties": {
              "widget_id": {
                "type": "string"
              },
              "name": {
                "type": "string"
              },
              "class_path": {
                "type": "string"
              },
              "parent_id": {
                "type": "string"
              },
              "slot_type": {
                "type": "string"
              },
              "children_count": {
                "type": "integer"
              },
              "flags": {
                "type": "object"
              }
            },
            "required": [
              "widget_id",
              "name",
              "class_path"
            ]
          }
        },
        "warnings": {
          "type": "array",
          "items": {
            "type": "string"
          }
        }
      },
      "required": [
        "nodes"
      ],
      "additionalProperties": false
    }
  },
  "umg.widget.inspect": {
    "params_schema": {
      "type": "object",
      "properties": {
        "object_path": {
          "type": "string"
        },
        "widget_ref": {
          "type": "object",
          "properties": {
            "widget_id": {
              "type": "string"
            },
            "name": {
              "type": "string"
            }
          }
        },
        "include": {
          "type": "object",
          "properties": {
            "properties": {
              "type": "boolean",
              "default": true
            },
            "metadata": {
              "type": "boolean",
              "default": true
            },
            "style": {
              "type": "boolean",
              "default": false
            }
          }
        },
        "depth": {
          "type": "integer",
          "minimum": 0,
          "maximum": 5,
          "default": 2
        }
      },
      "required": [
        "object_path",
        "widget_ref"
      ],
      "additionalProperties": false
    },
    "result_schema": {
      "type": "object",
      "properties": {
        "widget": {
          "type": "object",
          "properties": {
            "widget_id": {
              "type": "string"
            },
            "name": {
              "type": "string"
            },
            "class_path": {
              "type": "string"
            }
          },
          "required": [
            "name",
            "class_path"
          ]
        },
        "properties": {
          "type": "array",
          "items": {
            "type": "object"
          }
        }
      },
      "required": [
        "widget",
        "properties"
      ],
      "additionalProperties": false
    }
  },
  "umg.widget.patch": {
    "params_schema": {
      "type": "object",
      "properties": {
        "object_path": {
          "type": "string"
        },
        "widget_ref": {
          "type": "object",
          "properties": {
            "widget_id": {
              "type": "string"
            },
            "name": {
              "type": "string"
            }
          }
        },
        "patch": {
          "type": "array",
          "items": {
            "type": "object",
            "properties": {
              "op": {
                "type": "string"
              },
              "path": {
                "type": "string"
              },
              "value": {}
            },
            "required": [
              "op",
              "path"
            ]
          }
        },
        "compile_on_success": {
          "type": "boolean",
          "default": true
        },
        "transaction": {
          "type": "object",
          "properties": {
            "label": {
              "type": "string",
              "default": "MCP UMG Patch"
            }
          }
        }
      },
      "required": [
        "object_path",
        "widget_ref",
        "patch"
      ],
      "additionalProperties": false
    },
    "result_schema": {
      "type": "object",
      "properties": {
        "changed_properties": {
          "type": "array",
          "items": {
            "type": "string"
          }
        },
        "compile": {
          "type": "object"
        },
        "touched_packages": {
          "type": "array",
          "items": {
            "type": "string"
          }
        }
      },
      "required": [
        "changed_properties",
        "touched_packages"
      ],
      "additionalProperties": false
    }
  },
  "umg.slot.patch": {
    "params_schema": {
      "type": "object",
      "properties": {
        "object_path": {
          "type": "string"
        },
        "widget_ref": {
          "type": "object",
          "properties": {
            "widget_id": {
              "type": "string"
            },
            "name": {
              "type": "string"
            }
          }
        },
        "patch": {
          "type": "array",
          "items": {
            "type": "object",
            "properties": {
              "op": {
                "type": "string"
              },
              "path": {
                "type": "string"
              },
              "value": {}
            },
            "required": [
              "op",
              "path"
            ]
          }
        }
      },
      "required": [
        "object_path",
        "widget_ref",
        "patch"
      ],
      "additionalProperties": false
    },
    "result_schema": {
      "type": "object",
      "properties": {
        "changed_properties": {
          "type": "array",
          "items": {
            "type": "string"
          }
        },
        "touched_packages": {
          "type": "array",
          "items": {
            "type": "string"
          }
        }
      },
      "required": [
        "changed_properties",
        "touched_packages"
      ],
      "additionalProperties": false
    }
  },
  "umg.blueprint.create": {
    "params_schema": {
      "type": "object",
      "properties": {
        "package_path": {
          "type": "string"
        },
        "asset_name": {
          "type": "string"
        },
        "parent_class_path": {
          "type": "string",
          "default": "/Script/UMG.UserWidget"
        },
        "overwrite": {
          "type": "boolean",
          "default": false
        },
        "compile_on_success": {
          "type": "boolean",
          "default": true
        },
        "transaction": {
          "type": "object",
          "properties": {
            "label": {
              "type": "string",
              "default": "MCP UMG Blueprint Create"
            }
          }
        },
        "save": {
          "type": "object",
          "properties": {
            "auto_save": {
              "type": "boolean",
              "default": false
            }
          }
        }
      },
      "required": [
        "package_path",
        "asset_name"
      ],
      "additionalProperties": false
    },
    "result_schema": {
      "type": "object",
      "properties": {
        "created": {
          "type": "boolean"
        },
        "reused": {
          "type": "boolean"
        },
        "object_path": {
          "type": "string"
        },
        "generated_class_path": {
          "type": "string"
        },
        "parent_class_path": {
          "type": "string"
        },
        "package": {
          "type": "string"
        },
        "touched_packages": {
          "type": "array",
          "items": {
            "type": "string"
          }
        }
      },
      "required": [
        "created",
        "reused",
        "object_path",
        "generated_class_path",
        "parent_class_path",
        "package",
        "touched_packages"
      ],
      "additionalProperties": false
    }
  },
  "umg.blueprint.patch": {
    "params_schema": {
      "type": "object",
      "properties": {
        "object_path": {
          "type": "string"
        },
        "design_time_size": {
          "type": "object",
          "properties": {
            "x": {
              "type": "number"
            },
            "y": {
              "type": "number"
            }
          },
          "required": [
            "x",
            "y"
          ],
          "additionalProperties": false
        },
        "design_size_mode": {
          "anyOf": [
            {
              "type": "string"
            },
            {
              "type": "integer"
            },
            {
              "type": "null"
            }
          ]
        },
        "compile_on_success": {
          "type": "boolean",
          "default": true
        },
        "transaction": {
          "type": "object",
          "properties": {
            "label": {
              "type": "string",
              "default": "MCP UMG Blueprint Patch"
            }
          }
        },
        "save": {
          "type": "object",
          "properties": {
            "auto_save": {
              "type": "boolean",
              "default": false
            }
          }
        }
      },
      "required": [
        "object_path"
      ],
      "additionalProperties": false
    },
    "result_schema": {
      "type": "object",
      "properties": {
        "changed_properties": {
          "type": "array",
          "items": {
            "type": "string"
          }
        },
        "compile": {
          "type": "object"
        },
        "touched_packages": {
          "type": "array",
          "items": {
            "type": "string"
          }
        }
      },
      "required": [
        "changed_properties",
        "touched_packages"
      ],
      "additionalProperties": false
    }
  },
  "umg.blueprint.reparent": {
    "params_schema": {
      "type": "object",
      "properties": {
        "object_path": {
          "type": "string"
        },
        "new_parent_class_path": {
          "type": "string"
        },
        "compile_on_success": {
          "type": "boolean",
          "default": true
        },
        "transaction": {
          "type": "object",
          "properties": {
            "label": {
              "type": "string",
              "default": "MCP UMG Blueprint Reparent"
            }
          }
        },
        "save": {
          "type": "object",
          "properties": {
            "auto_save": {
              "type": "boolean",
              "default": false
            }
          }
        }
      },
      "required": [
        "object_path",
        "new_parent_class_path"
      ],
      "additionalProperties": false
    },
    "result_schema": {
      "type": "object",
      "properties": {
        "reparented": {
          "type": "boolean"
        },
        "dry_run": {
          "type": "boolean"
        },
        "no_op": {
          "type": "boolean"
        },
        "old_parent_class_path": {
          "type": "string"
        },
        "new_parent_class_path": {
          "type": "string"
        },
        "generated_class_path": {
          "type": "string"
        },
        "changed_properties": {
          "type": "array",
          "items": {
            "type": "string"
          }
        },
        "compile": {
          "type": "object"
        },
        "touched_packages": {
          "type": "array",
          "items": {
            "type": "string"
          }
        }
      },
      "required": [
        "reparented",
        "dry_run",
        "no_op",
        "old_parent_class_path",
        "new_parent_class_path",
        "generated_class_path",
        "changed_properties",
        "touched_packages"
      ],
      "additionalProperties": false
    }
  },
  "umg.widget.class.list": {
    "params_schema": {
      "type": "object",
      "properties": {
        "class_path_glob": {
          "type": "string",
          "default": "/Script/UMG.*"
        },
        "name_glob": {
          "type": "string"
        },
        "include_abstract": {
          "type": "boolean",
          "default": false
        },
        "include_deprecated": {
          "type": "boolean",
          "default": false
        },
        "include_editor_only": {
          "type": "boolean",
          "default": false
        },
        "limit": {
          "type": "integer",
          "minimum": 1,
          "maximum": 2000,
          "default": 200
        },
        "cursor": {
          "type": "integer",
          "minimum": 0,
          "default": 0
        }
      },
      "additionalProperties": false
    },
    "result_schema": {
      "type": "object",
      "properties": {
        "classes": {
          "type": "array",
          "items": {
            "type": "object",
            "properties": {
              "class_path": {
                "type": "string"
              },
              "class_name": {
                "type": "string"
              },
              "module_path": {
                "type": "string"
              },
              "is_abstract": {
                "type": "boolean"
              },
              "is_deprecated": {
                "type": "boolean"
              },
              "is_editor_only": {
                "type": "boolean"
              }
            },
            "required": [
              "class_path",
              "class_name"
            ]
          }
        },
        "total_count": {
          "type": "integer"
        },
        "next_cursor": {
          "type": "string"
        }
      },
      "required": [
        "classes",
        "total_count"
      ],
      "additionalProperties": false
    }
  },
  "umg.widget.add": {
    "params_schema": {
      "type": "object",
      "properties": {
        "object_path": {
          "type": "string"
        },
        "widget_class_path": {
          "type": "string"
        },
        "widget_name": {
          "type": "string"
        },
        "parent_ref": {
          "type": "object",
          "properties": {
            "widget_id": {
              "type": "string"
            },
            "name": {
              "type": "string"
            }
          }
        },
        "insert_index": {
          "type": "integer",
          "minimum": -1,
          "maximum": 10000,
          "default": -1
        },
        "replace_content": {
          "type": "boolean",
          "default": false
        },
        "widget_patch": {
          "type": "array",
          "items": {
            "type": "object",
            "properties": {
              "op": {
                "type": "string"
              },
              "path": {
                "type": "string"
              },
              "value": {}
            },
            "required": [
              "op",
              "path"
            ]
          }
        },
        "slot_patch": {
          "type": "array",
          "items": {
            "type": "object",
            "properties": {
              "op": {
                "type": "string"
              },
              "path": {
                "type": "string"
              },
              "value": {}
            },
            "required": [
              "op",
              "path"
            ]
          }
        },
        "compile_on_success": {
          "type": "boolean",
          "default": true
        },
        "save": {
          "type": "object",
          "properties": {
            "auto_save": {
              "type": "boolean",
              "default": false
            }
          }
        }
      },
      "required": [
        "object_path",
        "widget_class_path"
      ],
      "additionalProperties": false
    },
    "result_schema": {
      "type": "object",
      "properties": {
        "created": {
          "type": "boolean"
        },
        "dry_run": {
          "type": "boolean"
        },
        "widget": {
          "type": "object",
          "properties": {
            "widget_id": {
              "type": "string"
            },
            "name": {
              "type": "string"
            },
            "class_path": {
              "type": "string"
            },
            "parent_id": {
              "type": "string"
            },
            "slot_type": {
              "type": "string"
            }
          },
          "required": [
            "name",
            "class_path"
          ]
        },
        "changed_properties": {
          "type": "array",
          "items": {
            "type": "string"
          }
        },
        "slot_changed_properties": {
          "type": "array",
          "items": {
            "type": "string"
          }
        },
        "compile": {
          "type": "object"
        },
        "touched_packages": {
          "type": "array",
          "items": {
            "type": "string"
          }
        }
      },
      "required": [
        "created",
        "widget",
        "touched_packages"
      ],
      "additionalProperties": false
    }
  },
  "umg.widget.remove": {
    "params_schema": {
      "type": "object",
      "properties": {
        "object_path": {
          "type": "string"
        },
        "widget_ref": {
          "type": "object",
          "properties": {
            "widget_id": {
              "type": "string"
            },
            "name": {
              "type": "string"
            }
          }
        },
        "compile_on_success": {
          "type": "boolean",
          "default": true
        },
        "save": {
          "type": "object",
          "properties": {
            "auto_save": {
              "type": "boolean",
              "default": false
            }
          }
        }
      },
      "required": [
        "object_path",
        "widget_ref"
      ],
      "additionalProperties": false
    },
    "result_schema": {
      "type": "object",
      "properties": {
        "removed": {
          "type": "boolean"
        },
        "dry_run": {
          "type": "boolean"
        },
        "removed_widget_id": {
          "type": "string"
        },
        "removed_widget_name": {
          "type": "string"
        },
        "removed_class_path": {
          "type": "string"
        },
        "old_parent_id": {
          "type": "string"
        },
        "removed_children_count": {
          "type": "integer"
        },
        "compile": {
          "type": "object"
        },
        "touched_packages": {
          "type": "array",
          "items": {
            "type": "string"
          }
        }
      },
      "required": [
        "removed",
        "removed_widget_name",
        "touched_packages"
      ],
      "additionalProperties": false
    }
  },
  "umg.widget.reparent": {
    "params_schema": {
      "type": "object",
      "properties": {
        "object_path": {
          "type": "string"
        },
        "widget_ref": {
          "type": "object",
          "properties": {
            "widget_id": {
              "type": "string"
            },
            "name": {
              "type": "string"
            }
          }
        },
        "new_parent_ref": {
          "type": "object",
          "properties": {
            "widget_id": {
              "type": "string"
            },
            "name": {
              "type": "string"
            }
          }
        },
        "set_as_root": {
          "type": "boolean",
          "default": false
        },
        "insert_index": {
          "type": "integer",
          "minimum": -1,
          "maximum": 10000,
          "default": -1
        },
        "replace_content": {
          "type": "boolean",
          "default": false
        },
        "slot_patch": {
          "type": "array",
          "items": {
            "type": "object",
            "properties": {
              "op": {
                "type": "string"
              },
              "path": {
                "type": "string"
              },
              "value": {}
            },
            "required": [
              "op",
              "path"
            ]
          }
        },
        "compile_on_success": {
          "type": "boolean",
          "default": true
        },
        "save": {
          "type": "object",
          "properties": {
            "auto_save": {
              "type": "boolean",
              "default": false
            }
          }
        }
      },
      "required": [
        "object_path",
        "widget_ref"
      ],
      "additionalProperties": false
    },
    "result_schema": {
      "type": "object",
      "properties": {
        "moved": {
          "type": "boolean"
        },
        "dry_run": {
          "type": "boolean"
        },
        "widget": {
          "type": "object",
          "properties": {
            "widget_id": {
              "type": "string"
            },
            "name": {
              "type": "string"
            },
            "class_path": {
              "type": "string"
            }
          },
          "required": [
            "name",
            "class_path"
          ]
        },
        "old_parent_id": {
          "type": "string"
        },
        "new_parent_id": {
          "type": "string"
        },
        "slot_type": {
          "type": "string"
        },
        "slot_changed_properties": {
          "type": "array",
          "items": {
            "type": "string"
          }
        },
        "compile": {
          "type": "object"
        },
        "touched_packages": {
          "type": "array",
          "items": {
            "type": "string"
          }
        }
      },
      "required": [
        "moved",
        "widget",
        "touched_packages"
      ],
      "additionalProperties": false
    }
  },
  "changeset.list": {
    "params_schema": {
      "type": "object",
      "properties": {
        "status_in": {
          "type": "array",
          "items": {
            "type": "string",
            "enum": [
              "ok",
              "partial",
              "error"
            ]
          }
        },
        "tool_glob": {
          "type": "string"
        },
        "session_id": {
          "type": "string"
        },
        "limit": {
          "type": "integer",
          "minimum": 1,
          "maximum": 200,
          "default": 50
        },
        "cursor": {
          "type": "string"
        }
      },
      "additionalProperties": false
    },
    "result_schema": {
      "type": "object",
      "properties": {
        "changesets": {
          "type": "array",
          "items": {
            "type": "object",
            "properties": {
              "changeset_id": {
                "type": "string"
              },
              "created_at": {
                "type": "string"
              },
              "tool": {
                "type": "string"
              },
              "status": {
                "type": "string"
              },
              "request_id": {
                "type": "string"
              }
            },
            "required": [
              "changeset_id",
              "created_at",
              "tool",
              "status"
            ],
            "additionalProperties": false
          }
        },
        "next_cursor": {
          "type": "string"
        }
      },
      "required": [
        "changesets"
      ],
      "additionalProperties": false
    }
  },
  "changeset.get": {
    "params_schema": {
      "type": "object",
      "properties": {
        "changeset_id": {
          "type": "string"
        },
        "include_logs": {
          "type": "boolean",
          "default": true
        },
        "include_snapshots": {
          "type": "boolean",
          "default": false
        }
      },
      "required": [
        "changeset_id"
      ],
      "additionalProperties": false
    },
    "result_schema": {
      "type": "object",
      "properties": {
        "changeset_id": {
          "type": "string"
        },
        "meta": {
          "type": "object"
        },
        "touched_packages": {
          "type": "array",
          "items": {
            "type": "string"
          }
        },
        "logs": {
          "type": "array",
          "items": {
            "type": "object"
          }
        },
        "snapshots": {
          "type": "array",
          "items": {
            "type": "string"
          }
        }
      },
      "required": [
        "changeset_id",
        "meta",
        "touched_packages"
      ],
      "additionalProperties": false
    }
  },
  "changeset.rollback.preview": {
    "params_schema": {
      "type": "object",
      "properties": {
        "changeset_id": {
          "type": "string"
        },
        "mode": {
          "type": "string",
          "enum": [
            "local_snapshot",
            "undo_transaction",
            "vcs_revert"
          ],
          "default": "local_snapshot"
        }
      },
      "required": [
        "changeset_id"
      ],
      "additionalProperties": false
    },
    "result_schema": {
      "type": "object",
      "properties": {
        "changeset_id": {
          "type": "string"
        },
        "mode": {
          "type": "string"
        },
        "impact": {
          "type": "object",
          "properties": {
            "packages": {
              "type": "array",
              "items": {
                "type": "string"
              }
            },
            "missing_snapshots": {
              "type": "array",
              "items": {
                "type": "string"
              }
            },
            "conflicts": {
              "type": "array",
              "items": {
                "type": "string"
              }
            }
          },
          "required": [
            "packages",
            "missing_snapshots",
            "conflicts"
          ],
          "additionalProperties": false
        }
      },
      "required": [
        "changeset_id",
        "mode",
        "impact"
      ],
      "additionalProperties": false
    }
  },
  "changeset.rollback.apply": {
    "params_schema": {
      "type": "object",
      "properties": {
        "changeset_id": {
          "type": "string"
        },
        "mode": {
          "type": "string",
          "enum": [
            "local_snapshot",
            "undo_transaction",
            "vcs_revert"
          ],
          "default": "local_snapshot"
        },
        "force": {
          "type": "boolean",
          "default": false
        }
      },
      "required": [
        "changeset_id"
      ],
      "additionalProperties": false
    },
    "result_schema": {
      "type": "object",
      "properties": {
        "applied": {
          "type": "boolean"
        },
        "rollback_changeset_id": {
          "type": "string"
        },
        "touched_packages": {
          "type": "array",
          "items": {
            "type": "string"
          }
        }
      },
      "required": [
        "applied",
        "touched_packages"
      ],
      "additionalProperties": false
    }
  },
  "job.get": {
    "params_schema": {
      "type": "object",
      "properties": {
        "job_id": {
          "type": "string"
        }
      },
      "required": [
        "job_id"
      ],
      "additionalProperties": false
    },
    "result_schema": {
      "type": "object",
      "properties": {
        "job_id": {
          "type": "string"
        },
        "status": {
          "type": "string",
          "enum": [
            "queued",
            "running",
            "succeeded",
            "failed",
            "canceled"
          ]
        },
        "progress": {
          "type": "number",
          "minimum": 0,
          "maximum": 100
        },
        "started_at": {
          "type": "string"
        },
        "updated_at": {
          "type": "string"
        },
        "result": {},
        "diagnostics": {
          "type": "array",
          "items": {
            "type": "object"
          }
        }
      },
      "required": [
        "job_id",
        "status"
      ],
      "additionalProperties": false
    }
  },
  "job.cancel": {
    "params_schema": {
      "type": "object",
      "properties": {
        "job_id": {
          "type": "string"
        },
        "reason": {
          "type": "string"
        }
      },
      "required": [
        "job_id"
      ],
      "additionalProperties": false
    },
    "result_schema": {
      "type": "object",
      "properties": {
        "job_id": {
          "type": "string"
        },
        "canceled": {
          "type": "boolean"
        },
        "status": {
          "type": "string",
          "enum": [
            "queued",
            "running",
            "succeeded",
            "failed",
            "canceled"
          ]
        }
      },
      "required": [
        "job_id",
        "canceled",
        "status"
      ],
      "additionalProperties": false
    }
  },
  "asset.import": {
    "params_schema": {
      "type": "object",
      "properties": {
        "source_files": {
          "type": "array",
          "items": {
            "type": "string"
          },
          "minItems": 1
        },
        "dest_package_path": {
          "type": "string"
        },
        "dest_asset_name": {
          "type": "string"
        },
        "import_as": {
          "type": "string",
          "enum": [
            "auto",
            "texture",
            "static_mesh",
            "skeletal_mesh"
          ],
          "default": "auto"
        },
        "replace_existing": {
          "type": "boolean",
          "default": false
        },
        "automated": {
          "type": "boolean",
          "default": true
        },
        "save": {
          "type": "object",
          "properties": {
            "auto_save": {
              "type": "boolean",
              "default": false
            }
          }
        }
      },
      "required": [
        "source_files",
        "dest_package_path"
      ],
      "additionalProperties": false
    },
    "result_schema": {
      "type": "object",
      "properties": {
        "destination_path": {
          "type": "string"
        },
        "import_as": {
          "type": "string",
          "enum": [
            "auto",
            "texture",
            "static_mesh",
            "skeletal_mesh"
          ]
        },
        "imported": {
          "type": "array",
          "items": {
            "type": "object",
            "properties": {
              "source_file": {
                "type": "string"
              },
              "resolved_source_file": {
                "type": "string"
              },
              "object_path": {
                "type": "string"
              },
              "package": {
                "type": "string"
              },
              "class_path": {
                "type": "string"
              }
            },
            "required": [
              "source_file",
              "resolved_source_file",
              "object_path",
              "package"
            ],
            "additionalProperties": false
          }
        },
        "failed": {
          "type": "array",
          "items": {
            "type": "string"
          }
        },
        "touched_packages": {
          "type": "array",
          "items": {
            "type": "string"
          }
        },
        "imported_count": {
          "type": "integer"
        },
        "failed_count": {
          "type": "integer"
        }
      },
      "required": [
        "destination_path",
        "import_as",
        "imported",
        "failed",
        "touched_packages",
        "imported_count",
        "failed_count"
      ],
      "additionalProperties": false
    }
  },
  "asset.create": {
    "params_schema": {
      "type": "object",
      "properties": {
        "package_path": {
          "type": "string"
        },
        "asset_name": {
          "type": "string"
        },
        "asset_class_path": {
          "type": "string"
        },
        "factory_class_path": {
          "type": "string"
        },
        "overwrite": {
          "type": "boolean",
          "default": false
        },
        "transaction": {
          "type": "object",
          "properties": {
            "label": {
              "type": "string",
              "default": "MCP Asset Create"
            }
          }
        },
        "save": {
          "type": "object",
          "properties": {
            "auto_save": {
              "type": "boolean",
              "default": false
            }
          }
        },
        "validation": {
          "type": "object",
          "properties": {
            "preflight": {
              "type": "boolean",
              "default": true
            },
            "postflight": {
              "type": "boolean",
              "default": true
            }
          }
        }
      },
      "required": [
        "package_path",
        "asset_name",
        "asset_class_path"
      ],
      "additionalProperties": false
    },
    "result_schema": {
      "type": "object",
      "properties": {
        "created": {
          "type": "boolean"
        },
        "object_path": {
          "type": "string"
        },
        "class_path": {
          "type": "string"
        },
        "package": {
          "type": "string"
        },
        "touched_packages": {
          "type": "array",
          "items": {
            "type": "string"
          }
        }
      },
      "required": [
        "created",
        "object_path",
        "class_path",
        "package",
        "touched_packages"
      ],
      "additionalProperties": false
    }
  },
  "asset.duplicate": {
    "params_schema": {
      "type": "object",
      "properties": {
        "source_object_path": {
          "type": "string"
        },
        "dest_package_path": {
          "type": "string"
        },
        "dest_asset_name": {
          "type": "string"
        },
        "overwrite": {
          "type": "boolean",
          "default": false
        },
        "transaction": {
          "type": "object",
          "properties": {
            "label": {
              "type": "string",
              "default": "MCP Asset Duplicate"
            }
          }
        },
        "save": {
          "type": "object",
          "properties": {
            "auto_save": {
              "type": "boolean",
              "default": false
            }
          }
        },
        "validation": {
          "type": "object",
          "properties": {
            "preflight": {
              "type": "boolean",
              "default": true
            },
            "postflight": {
              "type": "boolean",
              "default": true
            }
          }
        }
      },
      "required": [
        "source_object_path",
        "dest_package_path",
        "dest_asset_name"
      ],
      "additionalProperties": false
    },
    "result_schema": {
      "type": "object",
      "properties": {
        "duplicated": {
          "type": "boolean"
        },
        "object_path": {
          "type": "string"
        },
        "class_path": {
          "type": "string"
        },
        "package": {
          "type": "string"
        },
        "touched_packages": {
          "type": "array",
          "items": {
            "type": "string"
          }
        }
      },
      "required": [
        "duplicated",
        "object_path",
        "class_path",
        "package",
        "touched_packages"
      ],
      "additionalProperties": false
    }
  },
  "asset.rename": {
    "params_schema": {
      "type": "object",
      "properties": {
        "object_path": {
          "type": "string"
        },
        "new_package_path": {
          "type": "string"
        },
        "new_asset_name": {
          "type": "string"
        },
        "fixup_redirectors": {
          "type": "boolean",
          "default": false
        },
        "transaction": {
          "type": "object",
          "properties": {
            "label": {
              "type": "string",
              "default": "MCP Asset Rename"
            }
          }
        },
        "save": {
          "type": "object",
          "properties": {
            "auto_save": {
              "type": "boolean",
              "default": false
            }
          }
        },
        "validation": {
          "type": "object",
          "properties": {
            "preflight": {
              "type": "boolean",
              "default": true
            },
            "postflight": {
              "type": "boolean",
              "default": true
            }
          }
        }
      },
      "required": [
        "object_path",
        "new_package_path",
        "new_asset_name"
      ],
      "additionalProperties": false
    },
    "result_schema": {
      "type": "object",
      "properties": {
        "renamed": {
          "type": "boolean"
        },
        "old_object_path": {
          "type": "string"
        },
        "new_object_path": {
          "type": "string"
        },
        "redirectors_fixed": {
          "type": "boolean"
        },
        "touched_packages": {
          "type": "array",
          "items": {
            "type": "string"
          }
        }
      },
      "required": [
        "renamed",
        "old_object_path",
        "new_object_path",
        "redirectors_fixed",
        "touched_packages"
      ],
      "additionalProperties": false
    }
  },
  "asset.delete": {
    "params_schema": {
      "type": "object",
      "properties": {
        "object_paths": {
          "type": "array",
          "items": {
            "type": "string"
          },
          "minItems": 1
        },
        "mode": {
          "type": "string",
          "enum": [
            "preview",
            "apply"
          ],
          "default": "preview"
        },
        "fail_if_referenced": {
          "type": "boolean",
          "default": true
        },
        "confirm_token": {
          "type": "string"
        },
        "transaction": {
          "type": "object",
          "properties": {
            "label": {
              "type": "string",
              "default": "MCP Asset Delete"
            }
          }
        },
        "validation": {
          "type": "object",
          "properties": {
            "preflight": {
              "type": "boolean",
              "default": true
            },
            "postflight": {
              "type": "boolean",
              "default": true
            }
          }
        }
      },
      "required": [
        "object_paths"
      ],
      "additionalProperties": false
    },
    "result_schema": {
      "type": "object",
      "properties": {
        "mode": {
          "type": "string",
          "enum": [
            "preview",
            "apply"
          ]
        },
        "can_delete": {
          "type": "boolean"
        },
        "deleted": {
          "type": "array",
          "items": {
            "type": "string"
          }
        },
        "failed": {
          "type": "array",
          "items": {
            "type": "string"
          }
        },
        "blocked": {
          "type": "array",
          "items": {
            "type": "object",
            "properties": {
              "object_path": {
                "type": "string"
              },
              "referencers": {
                "type": "array",
                "items": {
                  "type": "string"
                }
              }
            },
            "required": [
              "object_path",
              "referencers"
            ],
            "additionalProperties": false
          }
        },
        "confirm_token": {
          "type": "string"
        },
        "touched_packages": {
          "type": "array",
          "items": {
            "type": "string"
          }
        }
      },
      "required": [
        "mode",
        "deleted",
        "failed"
      ],
      "additionalProperties": false
    }
  },
  "settings.project.get": {
    "params_schema": {
      "type": "object",
      "properties": {
        "class_path": {
          "type": "string"
        },
        "filters": {
          "type": "object",
          "properties": {
            "only_editable": {
              "type": "boolean",
              "default": true
            },
            "category_glob": {
              "type": "string"
            },
            "property_name_glob": {
              "type": "string"
            },
            "include_transient": {
              "type": "boolean",
              "default": false
            }
          },
          "additionalProperties": false
        },
        "depth": {
          "type": "integer",
          "minimum": 0,
          "maximum": 5,
          "default": 2
        }
      },
      "required": [
        "class_path"
      ],
      "additionalProperties": false
    },
    "result_schema": {
      "type": "object",
      "properties": {
        "class_path": {
          "type": "string"
        },
        "config_name": {
          "type": "string"
        },
        "config_file": {
          "type": "string"
        },
        "properties": {
          "type": "array",
          "items": {
            "type": "object"
          }
        }
      },
      "required": [
        "class_path",
        "config_name",
        "config_file",
        "properties"
      ],
      "additionalProperties": false
    }
  },
  "settings.project.patch": {
    "params_schema": {
      "type": "object",
      "properties": {
        "class_path": {
          "type": "string"
        },
        "mode": {
          "type": "string",
          "enum": [
            "preview",
            "apply"
          ],
          "default": "preview"
        },
        "patch": {
          "type": "array",
          "items": {
            "type": "object",
            "properties": {
              "op": {
                "type": "string"
              },
              "path": {
                "type": "string"
              },
              "value": {},
              "from": {
                "type": "string"
              }
            },
            "required": [
              "op",
              "path"
            ]
          },
          "minItems": 1
        },
        "confirm_token": {
          "type": "string"
        },
        "transaction": {
          "type": "object",
          "properties": {
            "label": {
              "type": "string",
              "default": "MCP Project Settings Patch"
            }
          }
        },
        "save": {
          "type": "object",
          "properties": {
            "save_config": {
              "type": "boolean",
              "default": true
            },
            "flush_ini": {
              "type": "boolean",
              "default": true
            },
            "reload_verify": {
              "type": "boolean",
              "default": true
            }
          }
        }
      },
      "required": [
        "class_path",
        "patch"
      ],
      "additionalProperties": false
    },
    "result_schema": {
      "type": "object",
      "properties": {
        "mode": {
          "type": "string",
          "enum": [
            "preview",
            "apply"
          ]
        },
        "class_path": {
          "type": "string"
        },
        "changed_properties": {
          "type": "array",
          "items": {
            "type": "string"
          }
        },
        "confirm_token": {
          "type": "string"
        },
        "saved_config_files": {
          "type": "array",
          "items": {
            "type": "string"
          }
        },
        "verified": {
          "type": "boolean"
        },
        "touched_packages": {
          "type": "array",
          "items": {
            "type": "string"
          }
        }
      },
      "required": [
        "mode",
        "class_path",
        "changed_properties",
        "confirm_token",
        "saved_config_files",
        "verified",
        "touched_packages"
      ],
      "additionalProperties": false
    }
  },
  "settings.project.apply": {
    "params_schema": {
      "type": "object",
      "properties": {
        "class_path": {
          "type": "string"
        },
        "patch": {
          "type": "array",
          "items": {
            "type": "object",
            "properties": {
              "op": {
                "type": "string"
              },
              "path": {
                "type": "string"
              },
              "value": {},
              "from": {
                "type": "string"
              }
            },
            "required": [
              "op",
              "path"
            ]
          },
          "minItems": 1
        },
        "confirm_token": {
          "type": "string"
        },
        "transaction": {
          "type": "object",
          "properties": {
            "label": {
              "type": "string",
              "default": "MCP Project Settings Patch"
            }
          }
        },
        "save": {
          "type": "object",
          "properties": {
            "save_config": {
              "type": "boolean",
              "default": true
            },
            "flush_ini": {
              "type": "boolean",
              "default": true
            },
            "reload_verify": {
              "type": "boolean",
              "default": true
            }
          }
        }
      },
      "required": [
        "class_path",
        "patch",
        "confirm_token"
      ],
      "additionalProperties": false
    },
    "result_schema": {
      "type": "object",
      "properties": {
        "mode": {
          "type": "string"
        },
        "class_path": {
          "type": "string"
        },
        "changed_properties": {
          "type": "array",
          "items": {
            "type": "string"
          }
        },
        "confirm_token": {
          "type": "string"
        },
        "saved_config_files": {
          "type": "array",
          "items": {
            "type": "string"
          }
        },
        "verified": {
          "type": "boolean"
        },
        "touched_packages": {
          "type": "array",
          "items": {
            "type": "string"
          }
        }
      },
      "required": [
        "mode",
        "class_path",
        "changed_properties",
        "confirm_token",
        "saved_config_files",
        "verified",
        "touched_packages"
      ],
      "additionalProperties": false
    }
  },
  "settings.gamemode.get": {
    "params_schema": {
      "type": "object",
      "properties": {},
      "additionalProperties": false
    },
    "result_schema": {
      "type": "object",
      "properties": {
        "class_path": {
          "type": "string"
        },
        "config_file": {
          "type": "string"
        },
        "global_default_game_mode": {
          "type": "string"
        },
        "global_default_server_game_mode": {
          "type": "string"
        },
        "map_overrides": {
          "type": "array",
          "items": {
            "type": "object",
            "properties": {
              "map_key": {
                "type": "string"
              },
              "game_mode_class_path": {
                "type": "string"
              }
            },
            "required": [
              "map_key",
              "game_mode_class_path"
            ],
            "additionalProperties": false
          }
        }
      },
      "required": [
        "class_path",
        "config_file",
        "global_default_game_mode",
        "global_default_server_game_mode",
        "map_overrides"
      ],
      "additionalProperties": false
    }
  },
  "settings.gamemode.set_default": {
    "params_schema": {
      "type": "object",
      "properties": {
        "game_mode_class_path": {
          "type": "string"
        },
        "server_game_mode_class_path": {
          "type": "string"
        },
        "transaction": {
          "type": "object",
          "properties": {
            "label": {
              "type": "string",
              "default": "MCP GameMode Set Default"
            }
          }
        },
        "save": {
          "type": "object",
          "properties": {
            "save_config": {
              "type": "boolean",
              "default": true
            },
            "flush_ini": {
              "type": "boolean",
              "default": true
            },
            "reload_verify": {
              "type": "boolean",
              "default": true
            }
          }
        }
      },
      "required": [
        "game_mode_class_path"
      ],
      "additionalProperties": false
    },
    "result_schema": {
      "type": "object",
      "properties": {
        "changed_properties": {
          "type": "array",
          "items": {
            "type": "string"
          }
        },
        "global_default_game_mode": {
          "type": "string"
        },
        "global_default_server_game_mode": {
          "type": "string"
        },
        "saved_config_files": {
          "type": "array",
          "items": {
            "type": "string"
          }
        },
        "verified": {
          "type": "boolean"
        },
        "touched_packages": {
          "type": "array",
          "items": {
            "type": "string"
          }
        }
      },
      "required": [
        "changed_properties",
        "global_default_game_mode",
        "global_default_server_game_mode",
        "saved_config_files",
        "verified",
        "touched_packages"
      ],
      "additionalProperties": false
    }
  },
  "settings.gamemode.set_map_override": {
    "params_schema": {
      "type": "object",
      "properties": {
        "map_key": {
          "type": "string"
        },
        "game_mode_class_path": {
          "type": "string"
        },
        "transaction": {
          "type": "object",
          "properties": {
            "label": {
              "type": "string",
              "default": "MCP GameMode Set Map Override"
            }
          }
        },
        "save": {
          "type": "object",
          "properties": {
            "save_config": {
              "type": "boolean",
              "default": true
            },
            "flush_ini": {
              "type": "boolean",
              "default": true
            },
            "reload_verify": {
              "type": "boolean",
              "default": true
            }
          }
        }
      },
      "required": [
        "map_key",
        "game_mode_class_path"
      ],
      "additionalProperties": false
    },
    "result_schema": {
      "type": "object",
      "properties": {
        "map_key": {
          "type": "string"
        },
        "updated": {
          "type": "boolean"
        },
        "game_mode_class_path": {
          "type": "string"
        },
        "map_overrides": {
          "type": "array",
          "items": {
            "type": "object"
          }
        },
        "changed_properties": {
          "type": "array",
          "items": {
            "type": "string"
          }
        },
        "saved_config_files": {
          "type": "array",
          "items": {
            "type": "string"
          }
        },
        "verified": {
          "type": "boolean"
        },
        "touched_packages": {
          "type": "array",
          "items": {
            "type": "string"
          }
        }
      },
      "required": [
        "map_key",
        "updated",
        "game_mode_class_path",
        "map_overrides",
        "changed_properties",
        "saved_config_files",
        "verified",
        "touched_packages"
      ],
      "additionalProperties": false
    }
  },
  "settings.gamemode.remove_map_override": {
    "params_schema": {
      "type": "object",
      "properties": {
        "map_key": {
          "type": "string"
        },
        "transaction": {
          "type": "object",
          "properties": {
            "label": {
              "type": "string",
              "default": "MCP GameMode Remove Map Override"
            }
          }
        },
        "save": {
          "type": "object",
          "properties": {
            "save_config": {
              "type": "boolean",
              "default": true
            },
            "flush_ini": {
              "type": "boolean",
              "default": true
            },
            "reload_verify": {
              "type": "boolean",
              "default": true
            }
          }
        }
      },
      "required": [
        "map_key"
      ],
      "additionalProperties": false
    },
    "result_schema": {
      "type": "object",
      "properties": {
        "map_key": {
          "type": "string"
        },
        "removed_count": {
          "type": "integer"
        },
        "map_overrides": {
          "type": "array",
          "items": {
            "type": "object"
          }
        },
        "changed_properties": {
          "type": "array",
          "items": {
            "type": "string"
          }
        },
        "saved_config_files": {
          "type": "array",
          "items": {
            "type": "string"
          }
        },
        "verified": {
          "type": "boolean"
        },
        "touched_packages": {
          "type": "array",
          "items": {
            "type": "string"
          }
        }
      },
      "required": [
        "map_key",
        "removed_count",
        "map_overrides",
        "changed_properties",
        "saved_config_files",
        "verified",
        "touched_packages"
      ],
      "additionalProperties": false
    }
  },
  "blueprint.class.create": {
    "params_schema": {
      "type": "object",
      "properties": {
        "package_path": {
          "type": "string"
        },
        "asset_name": {
          "type": "string"
        },
        "parent_class_path": {
          "type": "string"
        },
        "overwrite": {
          "type": "boolean",
          "default": false
        },
        "compile_on_success": {
          "type": "boolean",
          "default": true
        },
        "transaction": {
          "type": "object",
          "properties": {
            "label": {
              "type": "string",
              "default": "MCP Blueprint Class Create"
            }
          }
        },
        "save": {
          "type": "object",
          "properties": {
            "auto_save": {
              "type": "boolean",
              "default": false
            }
          }
        }
      },
      "required": [
        "package_path",
        "asset_name",
        "parent_class_path"
      ],
      "additionalProperties": false
    },
    "result_schema": {
      "type": "object",
      "properties": {
        "created": {
          "type": "boolean"
        },
        "reused": {
          "type": "boolean"
        },
        "object_path": {
          "type": "string"
        },
        "generated_class_path": {
          "type": "string"
        },
        "parent_class_path": {
          "type": "string"
        },
        "package": {
          "type": "string"
        },
        "touched_packages": {
          "type": "array",
          "items": {
            "type": "string"
          }
        }
      },
      "required": [
        "created",
        "reused",
        "object_path",
        "generated_class_path",
        "parent_class_path",
        "package",
        "touched_packages"
      ],
      "additionalProperties": false
    }
  },
  "settings.gamemode.compose": {
    "params_schema": {
      "type": "object",
      "properties": {
        "package_path": {
          "type": "string"
        },
        "game_mode_asset_name": {
          "type": "string"
        },
        "game_mode_parent_class_path": {
          "type": "string",
          "default": "/Script/Engine.GameModeBase"
        },
        "create_missing_classes": {
          "type": "boolean",
          "default": true
        },
        "class_paths": {
          "type": "object",
          "properties": {
            "default_pawn_class": {
              "type": "string"
            },
            "hud_class": {
              "type": "string"
            },
            "player_controller_class": {
              "type": "string"
            },
            "game_state_class": {
              "type": "string"
            },
            "player_state_class": {
              "type": "string"
            },
            "spectator_class": {
              "type": "string"
            }
          },
          "additionalProperties": false
        },
        "class_names": {
          "type": "object",
          "properties": {
            "default_pawn_class": {
              "type": "string"
            },
            "hud_class": {
              "type": "string"
            },
            "player_controller_class": {
              "type": "string"
            },
            "game_state_class": {
              "type": "string"
            },
            "player_state_class": {
              "type": "string"
            },
            "spectator_class": {
              "type": "string"
            }
          },
          "additionalProperties": false
        },
        "set_as_default": {
          "type": "boolean",
          "default": false
        },
        "map_key": {
          "type": "string"
        },
        "overwrite": {
          "type": "boolean",
          "default": false
        },
        "compile_on_success": {
          "type": "boolean",
          "default": true
        },
        "transaction": {
          "type": "object",
          "properties": {
            "label": {
              "type": "string",
              "default": "MCP GameMode Compose"
            }
          }
        },
        "save": {
          "type": "object",
          "properties": {
            "auto_save": {
              "type": "boolean",
              "default": false
            },
            "save_config": {
              "type": "boolean",
              "default": true
            },
            "flush_ini": {
              "type": "boolean",
              "default": true
            },
            "reload_verify": {
              "type": "boolean",
              "default": true
            }
          }
        }
      },
      "required": [
        "package_path",
        "game_mode_asset_name"
      ],
      "additionalProperties": false
    },
    "result_schema": {
      "type": "object",
      "properties": {
        "game_mode_object_path": {
          "type": "string"
        },
        "game_mode_class_path": {
          "type": "string"
        },
        "game_mode_parent_class_path": {
          "type": "string"
        },
        "slots": {
          "type": "array",
          "items": {
            "type": "object",
            "properties": {
              "slot": {
                "type": "string"
              },
              "property": {
                "type": "string"
              },
              "class_path": {
                "type": "string"
              },
              "source": {
                "type": "string"
              },
              "created": {
                "type": "boolean"
              },
              "applied": {
                "type": "boolean"
              },
              "object_path": {
                "type": "string"
              },
              "package": {
                "type": "string"
              }
            },
            "required": [
              "slot",
              "property",
              "class_path",
              "source",
              "created",
              "applied"
            ],
            "additionalProperties": false
          }
        },
        "settings_applied": {
          "type": "object",
          "properties": {
            "set_default": {
              "type": "boolean"
            },
            "map_override": {
              "type": "boolean"
            },
            "map_key": {
              "type": "string"
            }
          },
          "required": [
            "set_default",
            "map_override",
            "map_key"
          ],
          "additionalProperties": false
        },
        "changed_properties": {
          "type": "array",
          "items": {
            "type": "string"
          }
        },
        "saved_config_files": {
          "type": "array",
          "items": {
            "type": "string"
          }
        },
        "verified": {
          "type": "boolean"
        },
        "touched_packages": {
          "type": "array",
          "items": {
            "type": "string"
          }
        }
      },
      "required": [
        "game_mode_object_path",
        "game_mode_class_path",
        "game_mode_parent_class_path",
        "slots",
        "settings_applied",
        "changed_properties",
        "saved_config_files",
        "verified",
        "touched_packages"
      ],
      "additionalProperties": false
    }
  }
}
